pubished,title,summary
Fri, 07 Nov 2025 20:59:24 GMT,Ethena Season 4 Rewards Go Live,Users were left waiting for over a month after the synthetic dollar protocol’s Season 4 concluded in September.
Fri, 07 Nov 2025 20:45:06 GMT,LayerZero Token Surges After $10 Million Buyback,The omnichain protocol’s ZRO buyback highlights a broader trend of crypto projects returning revenue to tokenholders.
Fri, 07 Nov 2025 19:00:41 GMT,Web3 Bug Bounty Firm Immunefi Plans ICO, Targets TGE in February 2026,The firm is selling IMU tokens for about $0.013 and will offer 3.7% of the total supply.
Fri, 07 Nov 2025 18:42:19 GMT,Privacy Coins Extend Rally as Zcash Soars Above $700,ZEC is up 35% on the day, and has gained a whopping 1,700% over the past three months.
Fri, 07 Nov 2025 17:26:32 GMT,Bitcoin Hovers Around $101,000 as Stocks Selloff Deepens,Crypto markets are set to close the week in the red, with total crypto capitalization at $3.49 trillion.
Fri, 07 Nov 2025 17:01:50 GMT,Google Finance to Add Support for Prediction Markets Polymarket, Kalshi,The search giant says users can soon ask questions about future market events and “harness the wisdom of the crowds.”
Fri, 07 Nov 2025 02:17:29 GMT,Stable Pauses Deposits After Another Pre-Deposit Vault Mishap,Users faced technical difficulties due to the Hourglass website crashing.
Thu, 06 Nov 2025 21:42:36 GMT,Solana Ecosystem TVL Grows to $35 Billion,TokenTerminal research shows SOL trades at 2.95x ecosystem TVL, down from 14x a year ago.
Thu, 06 Nov 2025 21:41:43 GMT,Compound Resumes Withdrawals from USDC, USDS Markets,The DeFi lending protocol had paused withdrawals for three stablecoin markets after risk manager Gauntlet flagged a liquidity squeeze in Elixir’s deUSD token.
Thu, 06 Nov 2025 21:35:41 GMT,Art Basel Unveils ‘Zero 10’ Digital Art Platform,The platform is supported by Opensea and will debut in Miami before heading overseas next year.
Thu, 06 Nov 2025 19:43:33 GMT,Aave’s Horizon RWA Market Nears $540 Million, Adds VanEck Treasury Fund,The move comes as institutional interest in tokenized assets continues to grow.
Thu, 06 Nov 2025 18:29:22 GMT,MegaETH ICO Allocations Leave Community Split,Some investors are left questioning their allocations, or lack thereof, to the highly oversubscribed MEGA ICO.
Thu, 06 Nov 2025 16:51:37 GMT,How Stream Finance’s Collapse Exposed DeFi’s Looping Yield Bubble,Stream Finance blew up just weeks after some DeFi insiders spotted its sketchy, trust-me-bro strategies.
Thu, 06 Nov 2025 15:26:05 GMT,BTC Holds Out Above $102,000 as Markets Trade Flat,Crypto markets are mostly flat today with a total market cap around $3.48 trillion while Bitcoin chops between $102K and $103K.
Wed, 05 Nov 2025 23:51:57 GMT,Controversial Hyperliquid HIP-5 Proposal Leaves Community Split,If passed, HIP-5 would establish a second Hyperliquid assistance fund to bootstrap and support ecosystem tokens beyond HYPE.
Wed, 05 Nov 2025 18:56:52 GMT,Seven Ethereum Protocol Teams Form Alliance to Engage on Crypto Policy,The Ethereum Protocol Advocacy Alliance (EPAA) will coordinate on global policy issues regarding blockchain networks.
Wed, 05 Nov 2025 18:13:04 GMT,Ripple Partners with Mastercard, WebBank, and Gemini to Test Stablecoin Card Settlements,The collaboration will explore using Ripple’s RLUSD stablecoin on the XRP Ledger to process Gemini Credit Card transactions.
Wed, 05 Nov 2025 16:04:00 GMT,DWF Labs ‘Likely’ Exploited for $44M in 2022 Hack Linked to North Korea: Report,The alleged breach was reported this week by a blockchain investigator, but remains unconfirmed by DWF Labs.
Wed, 05 Nov 2025 15:24:44 GMT,BTC Tests Key Support at $99K as Long-Term Holder Selling Continues,Total market cap is slightly in the red today while large-caps are mostly flat or down.
Tue, 04 Nov 2025 23:26:23 GMT,Privacy Coin Rally Continues as DASH Surges 150%,The DASH token is following in Zcash’s footsteps and is up 200% over the last month.
Tue, 04 Nov 2025 19:42:54 GMT,Contagion Fears Loom as Stream Finance Discloses $93 Million Loss,Staked Stream USD (xUSD) is trading at less than 30 cents on the dollar amid concerns about the protocol's solvency.
Tue, 04 Nov 2025 18:23:13 GMT,One Year On: Inside ApeChain’s Brief Rise and Slow Fall,Just over a year after its launch, ApeChain’s TVL has dropped over 80%, and only three of its nearly 30 protocols generate any revenue.
Tue, 04 Nov 2025 17:33:45 GMT,Bitcoin Breaches 10/10 Low as It Approaches $100,000,Major digital assets extended weekly losses as traders weighed the impact of potential limits on Trump’s trade powers.
Tue, 04 Nov 2025 16:02:53 GMT,ZKsync Proposes Utility and Revenue Focused Tokenomics Shift,The move would see ZKsync implement a buyback and burn mechanism for ZK tokens
Tue, 04 Nov 2025 01:54:11 GMT,Aave DAO Makes $50 Million Annual Token Buybacks Permanent,The largest DeFi lending protocol will continue to use revenue to repurchase AAVE tokens.
Mon, 03 Nov 2025 21:19:21 GMT,Sports Betting Pushes Kalshi and Polymarket Volumes to All-Time Highs,Both leading prediction markets combined did more volume in October than Polymarket did in its first four years.
Mon, 03 Nov 2025 21:04:33 GMT,Crypto Community Divided on DeFi Trust Implications After $128M Balancer Exploit,Experts are debating whether the latest hack shakes confidence in DeFi or is just part of the inherent risks as investors chase higher yields.
Mon, 03 Nov 2025 15:47:40 GMT,Ethena USDe Market Cap Drops 40% After ‘Black Friday’ October 10 Crash,The synthetic stablecoin’s market capitalization has shed over $5 billion in just three and a half weeks.
Mon, 03 Nov 2025 14:48:03 GMT,Crypto Markets Start November in the Red as Bitcoin Dips Below $108,000,Total market cap is down 3%, while most large-cap cryptocurrencies are solidly in the red today.
Sat, 01 Nov 2025 13:56:58 GMT,T3 FCU Has Frozen Over $300 Million in Illicit Funds,The financial crime unit created by Tether, Tron, and TRM Labs has frozen over $300 million since its September 2024 launch.
Fri, 31 Oct 2025 17:13:36 GMT,Maple’s SYRUP Stakers Vote to End Staking Rewards, Launch DAO Treasury,Maple Finance says it wants to use protocol revenue for “long-term sustainability” instead of staking rewards.
Fri, 31 Oct 2025 16:32:41 GMT,Bitcoin Scrambles to Close October in Green as 2018 Sell-Off Shadows Loom,BTC is back above $110,000, but it’s still not enough to close the "Uptober" in the green.
Fri, 31 Oct 2025 15:00:27 GMT,BlackRock's BUIDL Fund Sees Share on Ethereum Drop 60%,While the fund's total value hasn't changed, BUIDL is now more evenly distributed across Aptos, Polygon, and Avalanche, instead of the vast majority being on Ethereum.
Fri, 31 Oct 2025 09:24:00 GMT,The Next $100B DeFi Market: Real DNS Domains,Domains are one of the largest untapped asset classes on the internet — 360M+ names, most of them not even hosting a site. They’re traded like real estate, through slow, trust-based, broker-intermediated systems with fees as high as 30%.
Thu, 30 Oct 2025 21:23:08 GMT,FourMeme Surpasses Pumpfun With $43 Million in Monthly Revenue,The BSC memecoin launchpad experienced explosive growth this month.
Thu, 30 Oct 2025 20:00:59 GMT,NFTs Crater as Farmers Abandon OpenSea,Digital collectibles continue to struggle as OpenSea volume drops by half.
Thu, 30 Oct 2025 18:38:03 GMT,Bitcoin Slips Under $107,000 After Powell Casts Doubt on Further Rate Cuts,Leveraged liquidations top $1.2 billion as ETH, SOL and major altcoins plummet.
Thu, 30 Oct 2025 16:56:30 GMT,NEAR Cuts Inflation Rate by Half Despite Failed Community Vote,Nearly 60 million fewer NEAR tokens will be minted this year if a validator supermajority adopts the upgrade, while an earlier community vote failed to pass.
Thu, 30 Oct 2025 14:47:08 GMT,CLANKER Jumps 350% After Farcaster Acquires the AI Token Launchpad,Web3 social media protocol Farcaster is integrating the Base-based AI token launchpad.
Thu, 30 Oct 2025 13:00:00 GMT,On-Chain Revenue Hits $20 Billion in 2025 as DeFi Drives Growth,A new report from 1kx found DeFi platforms fueled a 41% surge in on-chain fees to $9.7 billion in the first half of 2025.
Thu, 30 Oct 2025 03:08:39 GMT,MegaETH ICO Crosses $1 Billion in Commitments,The public token sale conducted via Sonar is oversubscribed by 20x, with just over nine hours until it closes.
Thu, 30 Oct 2025 02:04:27 GMT,Hedera Rallies on Canary Capital ETF Launch,Canary Capital launched ETFs for both HBAR and LTC, but HBAR rallied while LTC plunged.
Thu, 30 Oct 2025 01:17:10 GMT,Former FTX US President Brett Harrison to Launch Perpetuals Exchange,Harrison’s Architect exchange will primarily focus on TradFi assets.
Wed, 29 Oct 2025 20:00:19 GMT,Bittensor Rallies Ahead of First TAO Halving,The decentralized AI network is preparing for its first halving event on December 10.
Wed, 29 Oct 2025 19:45:54 GMT,Bitcoin Dips Under $110,000 After Fed Cuts Rates,Ethereum and major altcoins fall as investors weigh the Fed’s move and trade uncertainty.
Wed, 29 Oct 2025 19:34:57 GMT,Morpho Gets $775 Million of Pre-Deposits from Stable, Adds Support for Optimism,Yield trading protocol Pendle has also unveiled new Stable-based markets.
Wed, 29 Oct 2025 19:31:22 GMT,AERO Soars 10% as Animoca Market Buys Aerodrome's Native Token,The Hong Kong-based metaverse giant has made a long-term bet on the top Base DEX.
Wed, 29 Oct 2025 18:44:31 GMT,Crypto Sale Moves From ETHZilla, Sequans Spark DAT Unwind Fears,The first signs of a potential unwind in digital asset treasuries emerged this week as two firms appeared to sell part of their holdings.
Tue, 28 Oct 2025 20:34:52 GMT,Tokenized Nasdaq Futures Enter Top 10 by Volume on Hyperliquid,The HIP-3 offering from TradeXYZ has become the 10th-most-traded asset on Hyperliquid over the last 24 hours.
Tue, 28 Oct 2025 18:33:08 GMT,REP Jumps 50% in a Week as Dev Gets Community Support for Augur Fork,The early prediction market's fork will force inactive REP holders to migrate their tokens or lose access, testing the protocol’s dispute system.
Tue, 28 Oct 2025 18:22:01 GMT,Crypto Market Edges Lower While US Stocks Hit New Highs,Bitcoin trades flat and Ethereum slips as smaller-cap tokens record mixed gains.
Tue, 28 Oct 2025 14:57:03 GMT,CRO Jumps After Trump’s Truth Social Announces Prediction Market Partnership with Crypto.Com,Truth Predict will let users trade on elections, sports, and other events.
Tue, 28 Oct 2025 10:39:00 GMT,Institutions Want Bitcoin Yield — Threshold Is Building the Bridge,Institutional Bitcoin treasuries are coming but they won’t touch DeFi unless the liquidity, custody, and risk models meet their standards. Threshold (TBTC) is building that bridge. In this interview, we break down how TBTC is competing with WBTC, why full decentralization alone isn’t enough, and why Threshold is now designing hybrid custody solutions to connect DeFi with the emerging wave of Bitcoin treasury companies (DATs). We also discuss adoption signals on Aave, real BTC collateral usage, governance structure, and the roadmap toward sustainably scaling Bitcoin finance beyond token incentives.
Mon, 27 Oct 2025 23:06:56 GMT,AI Sector Rebounds as Agent Payment Systems Gain Traction,Protocols leveraging the x402 standard are soaring, while the Virtuals ecosystem mounts a comeback.
Mon, 27 Oct 2025 20:37:11 GMT,MetaMask Fuels Airdrop Buzz With Token Claim Domain Registration,Polymarket odds briefly jumped above 40% after the new domains hinted at an imminent MASK airdrop.
Mon, 27 Oct 2025 19:49:11 GMT,Crypto Phones Struggle as Solana Quietly Pulls Plug on Saga,Two years after its hyped debut, official support for Solana’s Saga phone is ending, while other crypto phones aren’t faring much better.
Mon, 27 Oct 2025 18:36:51 GMT,Bitcoin Climbs Above $115,000 on US-China Trade Deal Optimism,Crypto markets rose on Monday as investors responded to a potential trade truce.
Mon, 27 Oct 2025 16:47:19 GMT,TVL on Kraken’s L2 Ink Surges 3,800% in Less Than Two Weeks,The surge is led by a single protocol, Tydro, launched by Ink itself.
Fri, 24 Oct 2025 21:01:29 GMT,2025 is the Year ‘Crypto Went Mainstream’: a16z,A new report from the venture firm shows that crypto adoption has surged among consumers, institutions, and stablecoins in 2025.
Fri, 24 Oct 2025 19:59:11 GMT,Pumpfun Acquires Memecoin Trading Terminal Padre,Pumpfun continues to expand its presence in the memecoin trading stack and now challenges trading bots in what some investors are calling Pumpfun's “Phase 2.”
Fri, 24 Oct 2025 18:22:10 GMT,Stable Controversially Pre-Fills $825 Million Vault,The Bitfinex-backed stablechain unveiled its first deposit campaign last night, but to users' surprise, it was nearly filled before the public announcement.
Fri, 24 Oct 2025 17:19:24 GMT,GENIUS Has Yet to Take Effect, Despite Some Firms Claiming to Be ‘Regulated’ and ‘Compliant’,Three months after the landmark U.S. stablecoin legislation was signed into law, the bill is still in a public comment period.
Fri, 24 Oct 2025 17:02:27 GMT,XRP Surges as Ripple Completes Hidden Road Acquisition,As part of the deal, Hidden Road is now rebranded as Ripple Prime.
Fri, 24 Oct 2025 14:46:26 GMT,Crypto Markets See Moderate Gains as US Inflation Hits 3%,BTC briefly touched over $111,500 as traders bet on a Fed rate cut next week.
Fri, 24 Oct 2025 13:30:12 GMT,Bitcoin Critic Peter Schiff Reveals Plans for Tokenized Gold App, Debit Card,The long-time gold maxi says he will "probably launch” a token representing physical gold as part of a platform to make gold easy to transfer and spend.
Thu, 23 Oct 2025 21:24:37 GMT,Can Decentralized Networks Make the Internet More Resilient?,After the recent major AWS outage, experts weigh the risks of centralized clouds and the role of decentralized alternatives.
Thu, 23 Oct 2025 19:41:35 GMT,Solana DEX Meteora Launches Native MET Token,Nearly half of the total MET token supply was released earlier today.
Thu, 23 Oct 2025 19:25:51 GMT,Aster Rallies on ‘Rocket Launch’ Incentives Campaign,The DEX token is up 12% today after falling more than 50% from its all-time high.
Thu, 23 Oct 2025 17:18:45 GMT,Bitcoin Attempts to Reclaim $110,000 as US Stocks Rebound,Bitcoin and Ether rose 1.5% on Thursday as the S&amp;P 500 and Nasdaq approached their all-time highs.
Thu, 23 Oct 2025 16:04:34 GMT,BNB Rallies After Trump Pardons Binance Founder CZ,The move could allow CZ to return to Binance as CEO after previous legal restrictions.
Thu, 23 Oct 2025 15:52:23 GMT,Aave Labs Acquires Stable Finance to Expand DeFi Access,The San Francisco-based fintech team joins Aave Labs as the company looks to simplify stablecoin savings and improve the user experience.
Thu, 23 Oct 2025 14:00:00 GMT,Crypto Token Buybacks Surge Fivefold as Projects Return More Revenue to Holders,A new report by Keyrock finds protocols increasingly prioritize payouts over reinvestment.
Thu, 23 Oct 2025 13:59:27 GMT,HYPE Jumps 10% as Robinhood Announces Spot Listing,Robinhood listed Hyperliquid's native token shortly after Hyperliquid Strategies filed to raise $1 billion for its HYPE treasury.
Thu, 23 Oct 2025 13:00:01 GMT,Kalshi Taps RedStone to Bring Real-World Event Data On-Chain,Kalshi is finally going on-chain through a new partnership with RedStone, just as Polymarket gears up for its U.S. return.
Thu, 23 Oct 2025 01:50:33 GMT,MegaETH Pre-Market Valuation Reaches $6 Billion,The ICO conducted via Sonar will mark the chain’s third community-focused raise.
Wed, 22 Oct 2025 20:16:21 GMT,DraftKings Taps Polymarket as Designated Clearinghouse,The sports betting giant will use the decentralized prediction market as its financial intermediary.
Wed, 22 Oct 2025 18:26:25 GMT,Bitcoin Slides Under $108,000 as Trump Targets Tech Exports to China,Bitcoin erases nearly all of Tuesday’s gains as the Trump administration reportedly considers a potential escalation in its trade war with China.
Wed, 22 Oct 2025 17:37:59 GMT,FET Drops Over 10% as Fetchai Pushes Legal Action Against Ocean Protocol,On-chain analysts found that Ocean Protocol split FET token transfers across dozens of wallets before moving them to Binance and an OTC provider.
Wed, 22 Oct 2025 16:18:30 GMT,Hyperliquid-based Kinetiq Unveils KNTQ Governance Token,KNTQ will allow holders to participate in decisions shaping the Kinetiq liquid staking protocol.
Wed, 22 Oct 2025 14:48:25 GMT,ENA Jumps 4% as First Ethena-Native DEX Ethereal Launches Mainnet Alpha,The Ethena community-approved spot and perp DEX launched its mainnet with early access for USDe-based trading.
Wed, 22 Oct 2025 13:00:00 GMT,Nearly Half of US Retail Crypto Holders Haven’t Earned Yield: MoreMarkets,MoreMarkets’ 2025 Crypto Yield Retail Consumer Report shows retail investors favor centralized exchanges and prioritize safety over high returns.
Wed, 22 Oct 2025 01:50:36 GMT,Ethereum Foundation Announces Gas Limit Cap for Upcoming Fusaka Upgrade,The EIP-7825 upgrade is expected to launch alongside Fusaka in December.
Tue, 21 Oct 2025 21:52:06 GMT,KDA Plummets as Kadena Organization Shuts Down Operations,The KDA token is down 60% today following the announcement.
Tue, 21 Oct 2025 17:12:54 GMT,BTC Jumps 5% as Fed Signals 'New Era' for Crypto,
Tue, 21 Oct 2025 16:48:09 GMT,Coinbase Acquires Echo for $375 Million to Expand On-Chain Fundraising,The deal adds Echo’s community-based capital raising tools to Coinbase’s growing on-chain infrastructure stack.
Tue, 21 Oct 2025 13:00:00 GMT,Maple and Aave Team Up to Bring Institutional Assets to DeFi Lending Markets,Maple’s institutional-grade assets will be integrated into Aave’s $40 billion lending protocol.
Tue, 21 Oct 2025 10:42:00 GMT,Why Yat Siu Believes Altcoins Will Surpass Bitcoin,Stablecoins are no longer just a buzzword—they’re transforming the way the world moves money. In this episode of The Defiant Podcast, we sit down with Reeve Collins, co-founder of Tether, co-founder of WeFi, and chairman at STBL, to explore the groundbreaking evolution of stablecoins.
Tue, 21 Oct 2025 00:17:04 GMT,Meteora Trades at $1 Billion Pre-Market Valuation Ahead of TGE,The Solana-based DEX unveiled a new product suite today, including a launchpad, dynamic fees, and presale vaults.
Mon, 20 Oct 2025 20:43:31 GMT,HumidiFi Tops Monthly Solana DEX Volumes and Teases Airdrop,The proprietary automated market maker has quietly surpassed leading Solana DEXs like Raydium, Meteora, and PumpSwap.
Mon, 20 Oct 2025 20:04:56 GMT,BitMine Accumulates $800 Million of ETH Amid Market Weakness,Major crypto treasury companies step up crypto holdings, as Greenlane announces a BERA treasury.
Mon, 20 Oct 2025 16:24:58 GMT,Crypto Markets Recover Slightly as Fed Signals Rate Cut, End of QT,Bitcoin is back above $110,000, though analysts say they’re now taking a more cautious approach after the $20 billion market wipeout.
Mon, 20 Oct 2025 13:00:05 GMT,DeFi Earning Aggregator Turtle Raises $5.5 Million,The fresh raise brings Turtle’s total funding to $11.7 million, with participation from major VCs and angel investors.
Sun, 19 Oct 2025 14:00:00 GMT,The History of Crypto Prediction Markets: How Polymarket and Kalshi Emerged as Winners in a Crowded Space,Polymarket and Kalshi are now considered the top crypto prediction markets, but the space was once led by other players taking very different approaches.
Sat, 18 Oct 2025 10:42:00 GMT,The AI CEO Era: Breaking Build Bottlenecks with Vibe Coding | Ahmad Shadid,In this episode of The Defiant Podcast, Vinny sits down with Ahmad Shadid—former quant trader turned founder—who redirected the 2022 GPU crunch into a decentralized GPU network and now leads a bold push toward “sovereign superintelligence”: an AI CEO framework that can govern, fund, and scale itself transparently.
Fri, 17 Oct 2025 20:38:13 GMT,Bitcoin Slides Below $107,000 as Crypto Market Hits Four-Day Losing Streak,BTC and ETH fell again on Friday amid global tensions and macroeconomic uncertainty.
Fri, 17 Oct 2025 18:07:01 GMT,Stripe-Backed Tempo Blockchain Raises $500 Million in Series A,The deal values the upcoming payments-focused blockchain at $5 billion.
Fri, 17 Oct 2025 17:20:05 GMT,Ondo Finance Urges SEC to Delay Nasdaq Tokenization Plan Over Transparency Concerns,The DeFi firm warns that key details about tokenized settlement remain undisclosed, raising questions about market fairness.
Fri, 17 Oct 2025 15:42:12 GMT,Is Institutional Adoption Ethereum’s ‘Worst Enemy’?,As Ethereum rockets into the TradFi limelight, with rising inflows into ETFs and DATs, experts consider the question: is that a good thing for DeFi’s largest chain?
Fri, 17 Oct 2025 13:07:36 GMT,Launch Coin Falls Over 30% as Developers Abandon Current Token Model,The team behind LAUNCHCOIN announced it is switching to a new token design and ticker, implying that the current asset is outdated.
Fri, 17 Oct 2025 01:19:36 GMT,Stablecoins Power $670 Billion in On-Chain Loans: Visa,With new U.S. stablecoin rules in place, Visa says banks are starting to explore blockchain-based lending markets.
Mon, 10 Nov 2025 02:09:16 +0000,Asia Morning Briefing: Bitcoin Rebounds as Polymarket Traders Bet U.S. Shutdown Will End Within Days,
Sun, 09 Nov 2025 15:14:20 +0000,Bitcoin's $100K Question: Here's Why BTC, XRP, SOL May Surge This Week,
Sun, 09 Nov 2025 14:30:34 +0000,Crypto Prices Rise as Trump Announces ‘At Least’ $2K Tariff Dividend Per American,
Sun, 09 Nov 2025 14:00:00 +0000,Wall Street is Bought in On Crypto’s Upside Potential, But Not Its Tech,
Sun, 09 Nov 2025 14:00:00 +0000,U.S. Regulator That May Rule Over Digital Assets Pushing Toward Crypto Spot Trading,
Sun, 09 Nov 2025 13:00:00 +0000,Spain’s Civil Guard Arrests Alleged Leader of 260M Euro Crypto-Linked Ponzi Scheme,
Sun, 09 Nov 2025 01:00:00 +0000,The Great Korean Pivot: From Memecoins to Machine Chips,
Sat, 08 Nov 2025 17:00:00 +0000,Since Trump's Election, Crypto Has Experienced a Wild Year-long Ride,
Sat, 08 Nov 2025 15:00:00 +0000,State of Crypto: SBF (Somehow) Had Another Bad Day in Court,
Sat, 08 Nov 2025 14:00:00 +0000,Long DATs, Short Futures: A New Wrinkle On The Basis Trade,
Sat, 08 Nov 2025 13:00:00 +0000,Bitcoin Whales vs Everyone Else, and the Whales Are Winning,
Sat, 08 Nov 2025 04:39:20 +0000,XRP Outperforms Bitcoin as ETF Filings Enter 20-Day Window, Setting up Breakout Trade to $2.80,
Fri, 07 Nov 2025 21:58:13 +0000,U.S. Fed's Miran Says Policy Needs to Adjust to Stablecoin Boom That Could Reach $3T,
Fri, 07 Nov 2025 20:18:46 +0000,Crypto Markets Manage Modest Move Higher Friday, Trimming Weekly Losses,
Fri, 07 Nov 2025 18:22:22 +0000,SUI Surges 7% to Break Key Resistance as Broader Market Slips,
Fri, 07 Nov 2025 18:06:16 +0000,JPMorgan Clients Lifted Spot Bitcoin ETF Holdings in Q3,
Fri, 07 Nov 2025 18:05:01 +0000,Polymarket’s Trading Volume May Be 25% Fake, Columbia Study Finds,
Fri, 07 Nov 2025 17:37:54 +0000,ICP Jumps 7.9% to $7.77 as Breakout Rally Extends on Heavy Volume,
Fri, 07 Nov 2025 16:21:40 +0000,HBAR Edges Lower 2.3% to $0.164 Amid Bearish Outlook,
Fri, 07 Nov 2025 15:49:40 +0000,XLM Consolidates After Volatile Session Tests Key Support,
Fri, 07 Nov 2025 15:42:56 +0000,BNB Drops to Key Support Level Above $930 as Markets React to Liquidity Pressures,
Fri, 07 Nov 2025 15:04:22 +0000,Bitcoin Defi Gets Another Institutional Boost Through Anchorage Digital Custody,
Fri, 07 Nov 2025 14:19:30 +0000,CoinDesk 20 Performance Update: AAVE Falls 3.5% as Index Trades Lower,
Fri, 07 Nov 2025 14:12:45 +0000,Strategy Adds Europe to Capital Raising Efforts, Securing $715M in Newest Preferred Offering,
Fri, 07 Nov 2025 14:00:00 +0000,Stop Chasing DeFi Yields and Start Doing the Math,
Mon, 10 Nov 2025 03:21:14 +0000,Trump Media posts $55M Q3 loss as Bitcoin bet reaches $1.3B,<p style="float: right; margin: 0 0 10px 15px; width: 240px;"><img alt="Trump Media posts $55M Q3 loss as Bitcoin bet reaches $1.3B" src="https://images.cointelegraph.com/images/528_aHR0cHM6Ly9zMy5jb2ludGVsZWdyYXBoLmNvbS91cGxvYWRzLzIwMjUtMTEvMDE5YTZiMjUtMTk1Mi03NTA4LTgxMjktMjkxMmQ4ZDFmMDgw.jpg" /></p><p>Trump Media’s first earnings report after starting its Bitcoin buys shows it scooped up $1.3 billion, with the company saying it plans to buy more.</p>
Mon, 10 Nov 2025 03:01:55 +0000,Stablecoin demand is growing, and it can push down interest rates: Fed’s Miran,<p style="float: right; margin: 0 0 10px 15px; width: 240px;"><img alt="Stablecoin demand is growing, and it can push down interest rates: Fed’s Miran" src="https://images.cointelegraph.com/images/528_aHR0cHM6Ly9zMy5jb2ludGVsZWdyYXBoLmNvbS91cGxvYWRzLzIwMjUtMTEvMDE5YTZiMGEtNzcxMC03ZGEwLWIzODktNjVkMDdmNzFhOTk4.jpg" /></p><p>Federal Reserve Governor Stephen Miran argued that stablecoins’ potential multi-trillion-dollar growth over the next five years will help push down interest rates.</p>
Mon, 10 Nov 2025 00:28:17 +0000,Crypto could get relief as US Senate cuts deal to end shutdown: Report,<p style="float: right; margin: 0 0 10px 15px; width: 240px;"><img alt="Crypto could get relief as US Senate cuts deal to end shutdown: Report" src="https://images.cointelegraph.com/images/528_aHR0cHM6Ly9zMy5jb2ludGVsZWdyYXBoLmNvbS91cGxvYWRzLzIwMjUtMTEvMDE5YTZhYjctNzIzNy03ODA0LWFmMjctNDg2ZTFmZDVlYjA2.jpg" /></p><p>Crypto markets could get a lift as Politico reports the US Senate has reached a deal on a multi-part budget bill to end the government shutdown.</p>
Sun, 09 Nov 2025 22:19:50 +0000,Here’s what happened in crypto today,<p style="float: right; margin: 0 0 10px 15px; width: 240px;"><img alt="Here’s what happened in crypto today" src="https://images.cointelegraph.com/images/528_aHR0cHM6Ly9zMy5jb2ludGVsZWdyYXBoLmNvbS91cGxvYWRzLzIwMjUtMDYvMDE5Nzk0MjMtZWY4ZS03YzYwLWI5MzctYjlkZGY3NWZlOGFk.jpg" /></p><p>Need to know what happened in crypto today? Here is the latest news on daily trends and events impacting Bitcoin price, blockchain, DeFi, NFTs, Web3 and crypto regulation.</p>
Sun, 09 Nov 2025 22:01:47 +0000,Ethereum network gas fees drop to just 0.067 Gwei amid slowdown,<p style="float: right; margin: 0 0 10px 15px; width: 240px;"><img alt="Ethereum network gas fees drop to just 0.067 Gwei amid slowdown" src="https://images.cointelegraph.com/images/528_aHR0cHM6Ly9zMy5jb2ludGVsZWdyYXBoLmNvbS91cGxvYWRzLzIwMjUtMTEvMDE5YTZhOTgtYjNlMi03ZjZhLTk0Y2YtYjdjYjQ3OTgyYjI4.jpg" /></p><p>The cheap network fees are a boon for traders but could signal long-term fundamental issues with Ethereum's revenue generation model.</p>
Sun, 09 Nov 2025 20:29:34 +0000,BTC and crypto sell-off reminiscent of post-2000 dot-com crash: Analyst,<p style="float: right; margin: 0 0 10px 15px; width: 240px;"><img alt="BTC and crypto sell-off reminiscent of post-2000 dot-com crash: Analyst" src="https://images.cointelegraph.com/images/528_aHR0cHM6Ly9zMy5jb2ludGVsZWdyYXBoLmNvbS91cGxvYWRzLzIwMjUtMDMvMDE5NWIxNGItZWJjOC03NjVjLTk5ZjMtMzA3OTIzZWQzMmM1.jpg" /></p><p>Large, long-term crypto and Bitcoin investors continue to sell into the market, keeping asset prices from hitting a blow-off top.</p>
Sun, 09 Nov 2025 17:03:01 +0000,Trump announces $2,000 tariff 'dividend,' here is how it will affect crypto,<p style="float: right; margin: 0 0 10px 15px; width: 240px;"><img alt="Trump announces $2,000 tariff 'dividend,' here is how it will affect crypto" src="https://images.cointelegraph.com/images/528_aHR0cHM6Ly9zMy5jb2ludGVsZWdyYXBoLmNvbS91cGxvYWRzLzIwMjUtMDEvMDE5NDg1MmYtZTBlMS03NTMzLWI4MDgtOTNkYTljOGI5ZTNh.jpg" /></p><p>Investors saw the announcement as a positive catalyst for crypto markets, but the proposed stimulus hinges on a Supreme Court ruling.</p>
Sun, 09 Nov 2025 15:00:00 +0000,The impossibility of perfect fairness in transaction ordering,<p style="float: right; margin: 0 0 10px 15px; width: 240px;"><img alt="The impossibility of perfect fairness in transaction ordering" src="https://images.cointelegraph.com/images/528_aHR0cHM6Ly9zMy5jb2ludGVsZWdyYXBoLmNvbS91cGxvYWRzLzIwMjUtMDEvMDE5NDJhZTgtNGM3YS03ZGQyLTgwNTAtYTYxN2IwNTNmZmIz.jpg" /></p><p>Explore how the Condorcet paradox exposes the limits of perfect fairness in blockchain consensus.</p>
Sun, 09 Nov 2025 12:50:17 +0000,Can Bitcoin bulls avoid the cycle’s fourth ‘death cross’ at $102K?,<p style="float: right; margin: 0 0 10px 15px; width: 240px;"><img alt="Can Bitcoin bulls avoid the cycle’s fourth ‘death cross’ at $102K?" src="https://images.cointelegraph.com/images/528_aHR0cHM6Ly9zMy5jb2ludGVsZWdyYXBoLmNvbS91cGxvYWRzLzIwMjQtMTIvMDE5M2RmMzUtOTlkYi03ZTk5LWIzZWQtNDM0ZTFhYzQyZjM0.jpg" /></p><p>Bitcoin traders focused on the weekly close amid flat BTC price action and warned that the whole bull market could end with a bad result.</p>
Sun, 09 Nov 2025 12:44:58 +0000,Ledger eyes NY listing as revenue hits triple-digit millions amid surge in hacks: FT,<p style="float: right; margin: 0 0 10px 15px; width: 240px;"><img alt="Ledger eyes NY listing as revenue hits triple-digit millions amid surge in hacks: FT" src="https://images.cointelegraph.com/images/528_aHR0cHM6Ly9zMy5jb2ludGVsZWdyYXBoLmNvbS91cGxvYWRzLzIwMjUtMTEvMDE5YTY4YTgtMDM0NC03ZmY1LThmNWUtNTQzOTQzMTBmNmIx.jpg" /></p><p>Ledger is weighing a New York listing after revenues hit triple-digit millions in 2025, driven by record crypto hacks and growing demand for cold storage wallets.</p>
Sun, 09 Nov 2025 09:30:12 +0000,Robert Kiyosaki says he’s buying, targets $250K Bitcoin and $27K gold,<p style="float: right; margin: 0 0 10px 15px; width: 240px;"><img alt="Robert Kiyosaki says he’s buying, targets $250K Bitcoin and $27K gold" src="https://images.cointelegraph.com/images/528_aHR0cHM6Ly9zMy5jb2ludGVsZWdyYXBoLmNvbS91cGxvYWRzLzIwMjUtMDcvMDE5ODJjYWUtMmUyNC03ZGNhLWJlZDEtN2FmZDc4YjcwYjk5.jpg" /></p><p>Robert Kiyosaki predicts Bitcoin will reach $250,000 and gold $27,000 by 2026, saying he’s buying hard assets amid a looming crash.</p>
Sun, 09 Nov 2025 08:30:00 +0000,Regulators must catch up to the new privacy paradigm,<p style="float: right; margin: 0 0 10px 15px; width: 240px;"><img alt="Regulators must catch up to the new privacy paradigm" src="https://images.cointelegraph.com/images/528_aHR0cHM6Ly9zMy5jb2ludGVsZWdyYXBoLmNvbS91cGxvYWRzLzIwMjUtMDcvMDE5N2YzOWMtOTI2ZC03MjUxLThmNTQtNmU0YzBkMWRmNzlh.jpg" /></p><p>Zero-knowledge proofs replace shared observation with shared verification, enabling accountability without revealing sensitive information. Regulators must embrace privacy as infrastructure.</p>
Sun, 09 Nov 2025 07:09:40 +0000,Italian banks back digital euro but urge ECB to spread out costs: Reuters,<p style="float: right; margin: 0 0 10px 15px; width: 240px;"><img alt="Italian banks back digital euro but urge ECB to spread out costs: Reuters" src="https://images.cointelegraph.com/images/528_aHR0cHM6Ly9zMy5jb2ludGVsZWdyYXBoLmNvbS91cGxvYWRzLzIwMjUtMTEvMDE5YTQxMTItZTkwOS03NDcwLWFmNjctZWNhOWYwY2YxZjRh.jpg" /></p><p>Italian banks have endorsed the ECB’s digital euro project but called for implementation costs to be spread out over several years.</p>
Sun, 09 Nov 2025 05:45:02 +0000,Bitcoin fell from 2025’s ‘hottest trade,’ but attention will return: Alex Thorn,<p style="float: right; margin: 0 0 10px 15px; width: 240px;"><img alt="Bitcoin fell from 2025’s ‘hottest trade,’ but attention will return: Alex Thorn" src="https://images.cointelegraph.com/images/528_aHR0cHM6Ly9zMy5jb2ludGVsZWdyYXBoLmNvbS91cGxvYWRzLzIwMjQtMTIvMDE5M2E5ODgtNTBlNS03MTY1LThiMDMtZWUxOWYwNGJmYjM0.jpg" /></p><p>Bitcoin is entering a much more “mature era” that is healthy for the asset and will see attention returning, according to Galaxy Digital’s Alex Thorn.</p>
Sun, 09 Nov 2025 01:35:20 +0000,Altcoin season signals hide in 'many weeks' of bearish BTC dominance: Analyst,<p style="float: right; margin: 0 0 10px 15px; width: 240px;"><img alt="Altcoin season signals hide in 'many weeks' of bearish BTC dominance: Analyst" src="https://images.cointelegraph.com/images/528_aHR0cHM6Ly9zMy5jb2ludGVsZWdyYXBoLmNvbS91cGxvYWRzLzIwMjUtMDIvMDE5NTI5MWUtNWY1OC03NzljLWFmM2ItM2ZlZmQ0NmYzNjA4.jpg" /></p><p>A crypto analyst said Bitcoin’s dominance chart has “looked bearish for weeks” and altcoin season could be on the horizon.</p>
Sat, 08 Nov 2025 23:05:44 +0000,Bitcoin power law suggests a 'coiled spring' ready to burst higher: Analyst,<p style="float: right; margin: 0 0 10px 15px; width: 240px;"><img alt="Bitcoin power law suggests a 'coiled spring' ready to burst higher: Analyst" src="https://images.cointelegraph.com/images/528_aHR0cHM6Ly9zMy5jb2ludGVsZWdyYXBoLmNvbS91cGxvYWRzLzIwMjUtMTEvMDE5YTY1YTctYzdhMi03ZTNlLWJkMTAtYWUzZGE0ZGY3ZDYy.jpg" /></p><p>BTC has been glued to its fair value since March 2024 and is getting ready to spring higher, according to author and analyst Adam Livingston.</p>
Sat, 08 Nov 2025 20:59:01 +0000,CZ says he was surprised by pardon, denies ties to the Trump family,<p style="float: right; margin: 0 0 10px 15px; width: 240px;"><img alt="CZ says he was surprised by pardon, denies ties to the Trump family" src="https://images.cointelegraph.com/images/528_aHR0cHM6Ly9zMy5jb2ludGVsZWdyYXBoLmNvbS91cGxvYWRzLzIwMjUtMDUvMDE5NmFjYTEtOTcwZC03MTY0LWEwNWEtNTgwNTQ4Nzk3NjVk.jpg" /></p><p>Binance co-founder CZ pushed back against allegations that his pardon was motivated by close ties or business deals with the Trump family.</p>
Sat, 08 Nov 2025 18:53:57 +0000,The nation-state is dying, network states are the next paradigm: Author,<p style="float: right; margin: 0 0 10px 15px; width: 240px;"><img alt="The nation-state is dying, network states are the next paradigm: Author" src="https://images.cointelegraph.com/images/528_aHR0cHM6Ly9zMy5jb2ludGVsZWdyYXBoLmNvbS91cGxvYWRzLzIwMjUtMDQvMDE5NjZjZGEtYTAyNC03MmVjLTk5MDgtZmU0MmRjMDA1MmY4.jpg" /></p><p>The nation-state model is only 380 years old and has been hollowed out by corporations and competing centralized structures, Jarrad Hope said.</p>
Sat, 08 Nov 2025 16:45:00 +0000,Ethereum faces tough path to $3.9K as sentiment and demand fizzle,<p style="float: right; margin: 0 0 10px 15px; width: 240px;"><img alt="Ethereum faces tough path to $3.9K as sentiment and demand fizzle" src="https://images.cointelegraph.com/images/528_aHR0cHM6Ly9zMy5jb2ludGVsZWdyYXBoLmNvbS91cGxvYWRzLzIwMjUtMDkvMDE5OTQ4NDgtY2IyNC03NjUxLWJlYWItNGE4YjEwNTBmM2Y2.jpg" /></p><p>Weak demand from spot Ethereum ETFs, soft derivatives data, and macro fears have left Ether struggling to sustain $3,400 despite signs of steady onchain activity.</p>
Sat, 08 Nov 2025 15:49:25 +0000,Bitcoin OG whales keep ‘cashing out’, threatening BTC price drop to $90K,<p style="float: right; margin: 0 0 10px 15px; width: 240px;"><img alt="Bitcoin OG whales keep ‘cashing out’, threatening BTC price drop to $90K" src="https://images.cointelegraph.com/images/528_aHR0cHM6Ly9zMy5jb2ludGVsZWdyYXBoLmNvbS91cGxvYWRzLzIwMjUtMTAvMDE5YTA3ZWEtMTUyYy03YTk2LTliNDktY2QwMGFjNTQ0YTFj.jpg" /></p><p>Long-term whales have cashed out millions of dollars from Bitcoin throughout 2025, potentially putting BTC price recovery at risk.</p>
Sat, 08 Nov 2025 13:30:00 +0000,Thodex CEO found dead: How this $2B crypto scam changed Turkish law,<p style="float: right; margin: 0 0 10px 15px; width: 240px;"><img alt="Thodex CEO found dead: How this $2B crypto scam changed Turkish law" src="https://images.cointelegraph.com/images/528_aHR0cHM6Ly9zMy5jb2ludGVsZWdyYXBoLmNvbS91cGxvYWRzLzIwMjUtMDgvMDE5OGNjYzktN2M3OC03ODI0LTlkZmEtZTBlZmY3Mzc4NmY4.jpg" /></p><p>The CEO of former crypto exchange Thodex was found dead in his prison cell. He was serving time for a $2-billion exit scam.</p>
Sat, 08 Nov 2025 12:59:41 +0000,Pakistan mulls rupee-backed stablecoin as country sees $25B crypto opportunity,<p style="float: right; margin: 0 0 10px 15px; width: 240px;"><img alt="Pakistan mulls rupee-backed stablecoin as country sees $25B crypto opportunity" src="https://images.cointelegraph.com/images/528_aHR0cHM6Ly9zMy5jb2ludGVsZWdyYXBoLmNvbS91cGxvYWRzLzIwMjUtMDIvMDE5NTQ4YmMtNDE2OS03NjQ5LWJiNTktMTQ1ZWJjNTMzZTY0.jpg" /></p><p>Pakistan is considering a rupee-backed stablecoin and a central bank digital currency (CBDC) to expand financial inclusion.</p>
Sat, 08 Nov 2025 12:30:00 +0000,It’s not a bubble, because AI is already running the markets,<p style="float: right; margin: 0 0 10px 15px; width: 240px;"><img alt="It’s not a bubble, because AI is already running the markets" src="https://images.cointelegraph.com/images/528_aHR0cHM6Ly9zMy5jb2ludGVsZWdyYXBoLmNvbS91cGxvYWRzLzIwMjUtMTAvMDE5YTM0ZWUtMzQ3NS03MDgzLTg1NTUtZWQ0M2RiY2NkNmU2.jpg" /></p><p>AI isn’t a bubble. It’s already reshaping markets. Autonomous AI agents now drive trading, outperforming humans and rewriting how money moves.</p>
Sat, 08 Nov 2025 11:50:26 +0000,Arthur Hayes says Zcash has become his family office’s second-largest holding after Bitcoin,<p style="float: right; margin: 0 0 10px 15px; width: 240px;"><img alt="Arthur Hayes says Zcash has become his family office’s second-largest holding after Bitcoin" src="https://images.cointelegraph.com/images/528_aHR0cHM6Ly9zMy5jb2ludGVsZWdyYXBoLmNvbS91cGxvYWRzLzIwMjUtMTEvMDE5YTYzNGMtOWViOS03NjRmLTgxOTctN2E5NWM5OGVlYjVl.jpg" /></p><p>Zcash (ZEC) soared more than 400% over the past month, climbing above $700 before easing to $548 amid a rally in privacy-focused cryptocurrencies.</p>
Sat, 08 Nov 2025 07:27:58 +0000,Cathie Wood’s ARK Invest adds BitMine shares as it offloads $30M in Tesla stock,<p style="float: right; margin: 0 0 10px 15px; width: 240px;"><img alt="Cathie Wood’s ARK Invest adds BitMine shares as it offloads $30M in Tesla stock" src="https://images.cointelegraph.com/images/528_aHR0cHM6Ly9zMy5jb2ludGVsZWdyYXBoLmNvbS91cGxvYWRzLzIwMjUtMDYvMDE5NzkzZmUtMGI4OC03MDZmLTgwZTMtMTYxM2YxODE0NzQx.jpg" /></p><p>Cathie Wood’s ARK Invest added $2 million in BitMine shares across its ETFs as the Ether-holding firm’s stock surged 415% in 2025.</p>
Sat, 08 Nov 2025 06:44:50 +0000,MEV bot trial ends in mistrial after jury deadlock on brothers’ verdict,<p style="float: right; margin: 0 0 10px 15px; width: 240px;"><img alt="MEV bot trial ends in mistrial after jury deadlock on brothers’ verdict" src="https://images.cointelegraph.com/images/528_aHR0cHM6Ly9zMy5jb2ludGVsZWdyYXBoLmNvbS91cGxvYWRzLzIwMjQtMTIvMDE5M2UwYmEtZGE2Ni03ZjI3LWI3NDAtZmJkNDgyMTRjYWNk.jpg" /></p><p>After a three-week trial, a New York jury was unable to reach a verdict on charges of money laundering and fraud related to a $25-million exploit on Ethereum.</p>
Sat, 08 Nov 2025 05:16:55 +0000,Bitcoin to $250K in 3 months would be ‘one of the worst things’: Analyst,<p style="float: right; margin: 0 0 10px 15px; width: 240px;"><img alt="Bitcoin to $250K in 3 months would be ‘one of the worst things’: Analyst" src="https://images.cointelegraph.com/images/528_aHR0cHM6Ly9zMy5jb2ludGVsZWdyYXBoLmNvbS91cGxvYWRzLzIwMjUtMDUvMDE5NmRlMmItNzU4ZS03YjA3LWEzOTEtZTdmMDQ1OGNjZTM2.jpg" /></p><p>Bitcoin's price reaching $250,000 too quickly could lead to a “blow-off top” moment, where investors would scramble to take profits, says a macro analyst.</p>
Sat, 08 Nov 2025 02:32:00 +0000,Bitcoin price crash calls are coming from self-serving sellers: Analyst,<p style="float: right; margin: 0 0 10px 15px; width: 240px;"><img alt="Bitcoin price crash calls are coming from self-serving sellers: Analyst" src="https://images.cointelegraph.com/images/528_aHR0cHM6Ly9zMy5jb2ludGVsZWdyYXBoLmNvbS91cGxvYWRzLzIwMjUtMDMvMDE5NWIxNGItZWJjOC03NjVjLTk5ZjMtMzA3OTIzZWQzMmM1.jpg" /></p><p>Many recent Bitcoin sellers are likely expecting a downturn and may be turning to social media to sway sentiment in that direction, according to an analyst.</p>
Fri, 07 Nov 2025 23:51:58 +0000,Bitcoin whale and retail 'major divergence' is a warning sign: Santiment,<p style="float: right; margin: 0 0 10px 15px; width: 240px;"><img alt="Bitcoin whale and retail 'major divergence' is a warning sign: Santiment" src="https://images.cointelegraph.com/images/528_aHR0cHM6Ly9zMy5jb2ludGVsZWdyYXBoLmNvbS91cGxvYWRzLzIwMjQtMTEvMDE5MzZmODItNzc2OS03Y2EzLTk4NWUtMjcwZjYyNWE0MTBl.jpg" /></p><p>Santiment said Bitcoin’s retail-whale divide is a flashing warning sign, while other analysts anticipate new highs on a macro rebound.</p>
Fri, 07 Nov 2025 22:09:17 +0000,Evernorth’s unrealized XRP losses expose mounting pressure on DATs: CryptoQuant,<p style="float: right; margin: 0 0 10px 15px; width: 240px;"><img alt="Evernorth’s unrealized XRP losses expose mounting pressure on DATs: CryptoQuant" src="https://images.cointelegraph.com/images/528_aHR0cHM6Ly9zMy5jb2ludGVsZWdyYXBoLmNvbS91cGxvYWRzLzIwMjUtMDEvMDE5NDNmZTAtNDZkYy03NzNkLWJiMjktY2EwZDgxNGM2ZmJl.jpg" /></p><p>The latest crypto downturn is hammering companies that built their business models around holding digital assets.</p>
Sun, 09 Nov 2025 21:21:30 +0000,Crypto Derivatives Market Cautiously Regains Stability After October’s Deleveraging Event: Bybit Report,While the crypto derivatives market shows signs of stabilizing after October’s liquidation, Bitcoin’s slide below $99,000 suggests traders remain cautious and the recovery fragile.
Sun, 09 Nov 2025 19:12:45 +0000,Digital Asset Treasury Companies Pour $42.7B Into Crypto in 2025, $22.6B Spent in Q3 Alone,BitMine Immersion, Sharplink, and Forward Industries are the only altcoin-focused DATCos among the top 15 holdings.
Sun, 09 Nov 2025 17:22:47 +0000,Robert Kiyosaki Sets Huge BTC, ETH Price Targets After Warning of an Impending Crash,Here's what Kiyosaki is buying and selling as he prepares for a big market crash.
Sun, 09 Nov 2025 15:55:50 +0000,Bitcoin Price Analysis: What BTC Must Do to Regain Bullish Momentum,Bitcoin continues to consolidate just above the $100K mark after experiencing a sharp rejection from the $116K resistance. While volatility has cooled down, the structure is showing signs of potential weakness. Buyers have yet to show strong signs of re-entry, and with the recent flush in open interest, the market remains cautious. Technical Analysis By [&#8230;]
Sun, 09 Nov 2025 15:37:33 +0000,Bitcoin Price Spikes as Trump Announces $2,000 in Dividends to Some Americans,BTC rose to almost $104,000 minutes ago.
Sun, 09 Nov 2025 14:00:22 +0000,Learn How This New Altcoin is Merging XRP and Solana Together in 2025,Interoperability has become a central focus for blockchain development in 2025. Networks that once operated independently are now being connected through verified systems that share liquidity, security, and data. The goal is to create interaction between ecosystems that serve different technical purposes and work seamlessly. XRP Tundra is one of the first audited projects, which [&#8230;]
Sun, 09 Nov 2025 13:05:06 +0000,What Really Happened in the Crypto Market in October? Binance Offers Insights,The market recorded its first red October in seven years, but several sectors witnessed growth and development.
Sun, 09 Nov 2025 10:40:05 +0000,ZEC, XMR Explode by Double Digits Again as BTC Price Struggles Below $102K: Weekend Watch,In contrast, ICP has dumped hard following the recent rally.
Sun, 09 Nov 2025 07:19:35 +0000,XRP Profit-Taking Divergence Signals More Pain Ahead for Ripple’s Price,XRP is down by almost 10% weekly.
Sun, 09 Nov 2025 03:49:49 +0000,Major Binance Alert to WhatsApp Users: Details Here,"Binance will never contact you on WhatsApp to offer investment opportunities, request payments, or ask for your personal information," the team said.
Sat, 08 Nov 2025 20:26:59 +0000,Convicted FTX Founder Tries to Rewrite History Again: Critics Instantly Tear Him Apart,SBF is again claiming FTX was never insolvent, even as appeals judges this week showed zero interest in tossing out his fraud conviction.
Sat, 08 Nov 2025 17:52:05 +0000,ETH2 Beacon Deposit Contract Now Controls 60% Of All Ethereum: Arkham,Rain Lohmus bought $75,000 worth of ETH in 2014, which is now worth $871 million. Yet, he cannot move even a single coin.
Sat, 08 Nov 2025 16:23:19 +0000,Hash Global Report on MEET48: From Idol-Making Factory to AIUGC & Web3 Entertainment Platform,HongKong, HongKong, 8th November 2025, Chainwire
Sat, 08 Nov 2025 14:56:19 +0000,These Are Bitcoin’s Most Important Support Levels if $100K Cracks: Analyst,BTC recovered from the sub-$100K drop but what's next?
Sat, 08 Nov 2025 12:54:04 +0000,Galaxy Research Slashes Bitcoin (BTC) 2025 Target to $120K Amid Market Turmoil,Bitcoin's three-year bull market remains structurally intact if ~$100K holds, according to Galaxy Research.
Sat, 08 Nov 2025 10:44:03 +0000,Filecoin (FIL) Skyrockets by 50% in a Day, Bitcoin (BTC) Back to $102K: Weekend Watch,NEAR, RENDER, DOT, and VET are among the other double-digit gainers today.
Sat, 08 Nov 2025 10:15:48 +0000,Attention XRP Investors: The Latest Ripple ETF Updates and Price Red Flags,XRP has gained around 5% daily but there's a big price warning from a prominent analyst.
Sat, 08 Nov 2025 10:00:57 +0000,Positive Dogecoin Price Outlook Coincides with Cross-Chain Support of XRP Tundra,Dogecoin has entered another volatile phase, falling nearly 20% since the beginning of November despite analysts considering quite a few bullish long-term projections. The meme coin, still the largest in its category by means of total market capitalization, has oscillated between optimism and fatigue — a familiar rhythm for an asset driven largely by sentiment [&#8230;]
Sat, 08 Nov 2025 09:50:39 +0000,ETH’s Road to $10K Runs Through an Inevitable $2K Drop: Analyst,ETH nearead $3,500 once again in the past 24 hours.
Sat, 08 Nov 2025 09:28:24 +0000,DOGE Explodes 9% Daily But This Major Resistance Spells Trouble,DOGE is the top performer from the larger-cap alts.
Sat, 08 Nov 2025 04:38:12 +0000,What’s Next for PI This Week? 2 AIs With Shocking Pi Network Price Calls,Here's what ChatGPT and Perplexity think about PI's price future.
Fri, 07 Nov 2025 22:14:01 +0000,Expert: NYSE-Like Oversight Could Prevent Crypto Crashes,Economist Alex Krüger warns that unregulated market makers amplify crypto crashes by withdrawing during volatility.
Fri, 07 Nov 2025 20:10:18 +0000,Samourai Wallet Co-Founder’s Sentence Sparks Debate on Crypto Privacy,Judge says Keonne Rodriguez “used his talents to enable fraud,” highlighting tension between privacy and law.
Fri, 07 Nov 2025 19:01:56 +0000,Ripple (XRP) Back at Key Level: Could History Repeat to New ATHs?,XRP trades near $2.17, revisiting a key support zone seen before past rallies. Analysts watch for a breakout or further downside.
Fri, 07 Nov 2025 18:19:31 +0000,Rising Liquidity Pushes Bitcoin Into Bullish Consolidation,Analysts say the rising stablecoin liquidity on Binance is building a solid base for Bitcoin’s next major move.
Fri, 07 Nov 2025 16:33:08 +0000,Ethereum’s (ETH) Giant Reversal Pattern Points to $14K Despite Current Struggles,Ethereum forms an inverse head and shoulders on the monthly chart. Analysts watch $4.4K neckline with a $14K target if breakout confirms.
Fri, 07 Nov 2025 15:09:22 +0000,4,000,000 ADA Dumped in a Week: More Trouble Ahead for Cardano’s Price?,Cardano whales dumped 4M ADA in a week as price dropped 10%. Sentiment is bearish, but indicators hint at a possible short-term reversal.
Fri, 07 Nov 2025 13:59:51 +0000,DeAgentAI (AIA) Skyrockets by 730% in a Day: What’s Going on?,The asset entered crypto's top 100 club after its market cap neared $3 billion.
Fri, 07 Nov 2025 13:56:16 +0000,Bybit PWM Posts 16.9% Fund Return as Crypto Markets Weather ‘Uptober’ Shock,[PRESS RELEASE &#8211; Dubai, UAE, November 7th, 2025] Bybit, the world’s second-largest cryptocurrency exchange by trading volume, disclosed the October performance of its Private Wealth Management (PWM), highlighting continued stability and strong returns amid a month marked by volatility and global market tension. Performance Highlights In the latest Bybit PWM newsletter for October 2025, Bybit [&#8230;]
Fri, 07 Nov 2025 13:52:31 +0000,BTC Slides Below $100K, Balancer Exploited for $128M, Ripple’s Big Announcements: Weekly Crypto Recap,The total crypto market cap has plunged by $350 billion since last Friday.
Fri, 07 Nov 2025 12:39:34 +0000,Ripple (XRP) Bulls Celebrated Too Early: Analysts Expect One More Painful Drop,The RSI's bearish divergence supports the analyst's call for XRP to return to $2.05.
Fri, 07 Nov 2025 12:13:54 +0000,ZEC and ICP Rip Higher, XRP Price Predictions You Need to See: Bits Recap Nov 7,Here's everything most interesting surrounding XRP, ZEC, and ICP.
Fri, 07 Nov 2025 11:39:08 +0000,Bitcoin Dips Below $100K Again as Analyst Waves the White Flag – ‘See You in 4 Years’,BTC is down by over four grand since its relief rally a few days ago.
Fri, 07 Nov 2025 11:26:53 +0000,Ethereum Traders Just Flipped Bullish, But History Says This Is a Major Red Flag,Ethereum's bounce toward $3,500 triggered instant FOMO, but Santiment says extreme optimism usually means price is about to disappoint.
Fri, 07 Nov 2025 11:17:44 +0000,Deep Dive Into XRP Tundra Reveals Nothing But Gold for Those Who Verify Transparency In Crypto Presales,Crypto presales have long been defined by speculation. Whitepapers promised innovation, social posts claimed legitimacy, and investors were left to trust words over proof. In 2025, that pattern is finally breaking. The market’s focus has shifted to verifiable evidence — a movement where audit records, public KYC, and traceable liquidity now determine credibility. XRP Tundra [&#8230;]
Fri, 07 Nov 2025 10:47:06 +0000,Pi Network Just Dropped Another Major Update: What It Means for Pioneers,Meanwhile, the PI token continues to fight off the $0.20 support.
Sun, 09 Nov 2025 18:00:45 +0000,Bitcoin treasury bear market ‘gradually’ ending as renowned short seller closes MSTR/BTC position,<p>Renowned short seller James Chanos has officially closed his $MSTR/Bitcoin hedged trade after 11 months, marking an end to his high-profile bet against Bitcoin-linked equities and Strategy stock.​ The unwinding of institutional short positions is a trend reversal indicator that could mean the worst for Bitcoin treasury companies is behind them. The bitcoin treasury ecosystem [&#8230;]</p>
<p>The post <a href="https://cryptoslate.com/bitcoin-treasury-bear-market-gradually-ending-as-renowned-short-seller-closes-mstr-btc-position/">Bitcoin treasury bear market ‘gradually’ ending as renowned short seller closes MSTR/BTC position</a> appeared first on <a href="https://cryptoslate.com">CryptoSlate</a>.</p>
Sun, 09 Nov 2025 16:00:44 +0000,Why BlackRock remains bullish on Bitcoin despite recent price slowdown,<p>Bitcoin’s recent struggle to hold the $100,000 level has revived familiar doubts about whether institutional demand is durable. However, in a new filing with the US Securities and Exchange Commission, BlackRock signals the opposite conclusion, saying its conviction in Bitcoin’s long-term relevance remains intact despite short-term market weakness. The firm frames Bitcoin as a decades-long [&#8230;]</p>
<p>The post <a href="https://cryptoslate.com/why-blackrock-remains-bullish-on-bitcoin-despite-recent-price-slowdown/">Why BlackRock remains bullish on Bitcoin despite recent price slowdown</a> appeared first on <a href="https://cryptoslate.com">CryptoSlate</a>.</p>
Sun, 09 Nov 2025 14:00:30 +0000,Michael Burry’s big short: Is the AI bubble bigger than Bitcoin?,<p>Welcome to Slate Sunday, CryptoSlate’s weekly feature showcasing in-depth interviews, expert analysis, and thought-provoking op-eds that go beyond the headlines to explore the ideas and voices shaping the future of crypto. Michael Burry, the “Big Short” protagonist whose bet against the mortgage bubble made him a living legend, is back in the business of raining on [&#8230;]</p>
<p>The post <a href="https://cryptoslate.com/michael-burrys-big-short-is-the-ai-bubble-bigger-than-bitcoin/">Michael Burry’s big short: Is the AI bubble bigger than Bitcoin?</a> appeared first on <a href="https://cryptoslate.com">CryptoSlate</a>.</p>
Sun, 09 Nov 2025 13:06:45 +0000,Ledger pages blocked as UK’s crypto crackdown hits education, advertising, banking,<p>UK citizens are currently blocked from viewing certain Ledger blog pages, including an educational post on multisig wallets, due to new compliance rules. When visiting these pages, users in the UK receive a message: “Due to new rules in the UK, certain Ledger.com webpages are restricted.” These restrictions affect crypto educational resources and are linked [&#8230;]</p>
<p>The post <a href="https://cryptoslate.com/ledger-pages-blocked-as-uks-crypto-crackdown-hits-education-advertising-banking/">Ledger pages blocked as UK’s crypto crackdown hits education, advertising, banking</a> appeared first on <a href="https://cryptoslate.com">CryptoSlate</a>.</p>
Sun, 09 Nov 2025 12:00:58 +0000,Global money supply ‘through the roof’, hitting $142 trillion in September,<p>All eyes in global finance are glued to liquidity. As the global broad money supply reaches a record $142 trillion, this monetary firehose has macro investors sitting up in their seats. Surging 6.7% year-on-year as of September, China, the EU, and the U.S. are driving this unprecedented expansion, and Bitcoin and the broader crypto market [&#8230;]</p>
<p>The post <a href="https://cryptoslate.com/global-money-supply-through-the-roof-hitting-142-trillion-in-september/">Global money supply ‘through the roof’, hitting $142 trillion in September</a> appeared first on <a href="https://cryptoslate.com">CryptoSlate</a>.</p>
Sun, 09 Nov 2025 08:00:01 +0000,Cathie Wood revises Bitcoin forecast as stablecoins gain ground,<p>Ark Investment Management has just trimmed its 2030 Bitcoin bull case from $1.5 million to $1.2 million, and a $300,000 cut may sound dramatic until one understands what actually changed. Cathie Wood didn&#8217;t panic about bond markets or abandon her thesis, but instead adjusted for competition. In recent CNBC appearances and updates, Wood explicitly tied [&#8230;]</p>
<p>The post <a href="https://cryptoslate.com/cathie-wood-revises-bitcoin-forecast-as-stablecoins-gain-ground/">Cathie Wood revises Bitcoin forecast as stablecoins gain ground</a> appeared first on <a href="https://cryptoslate.com">CryptoSlate</a>.</p>
Sun, 09 Nov 2025 04:00:20 +0000,Ripple fortifies with $500M investment, leaving XRP’s role uncertain,<p>Ripple Labs closed a $500 million strategic funding round in 2025 at a $40 billion valuation, led by Fortress Investment Group and Citadel Securities with participation from Brevan Howard, Marshall Wace, Pantera Capital, and Galaxy Digital. This came on top of a $1 billion tender offer earlier in the year at the same valuation, providing [&#8230;]</p>
<p>The post <a href="https://cryptoslate.com/ripple-fortifies-with-500m-investment-leaving-xrps-role-uncertain/">Ripple fortifies with $500M investment, leaving XRP&#8217;s role uncertain</a> appeared first on <a href="https://cryptoslate.com">CryptoSlate</a>.</p>
Sat, 08 Nov 2025 20:30:53 +0000,70% of top Bitcoin miners are already using AI income to survive bear market,<p>Seven of the top ten miners by hashrate report AI or high-performance computing initiatives already generating revenue, with the other three planning to follow suit. The shift pairs miners’ energized land and interconnections with contracted revenue from GPU customers, creating a second line of business that competes with running ASICs at full power. AI partnerships [&#8230;]</p>
<p>The post <a href="https://cryptoslate.com/70-of-top-bitcoin-miners-are-already-using-ai-income-to-survive-bear-market/">70% of top Bitcoin miners are already using AI income to survive bear market</a> appeared first on <a href="https://cryptoslate.com">CryptoSlate</a>.</p>
Sat, 08 Nov 2025 20:00:23 +0000,On-chain moves don’t tell the full story: Why OG Bitcoin whales may not be cashing out,<p>“OG Bitcoin whales are dumping,” is the overarching narrative surrounding the latest Bitcoin selloff. Yet, amid nonstop chatter that Bitcoin’s earliest supporters are behind its latest price slide, on-chain analyst Willy Woo points to “nuance” in the metrics. On-chain moves don’t tell the full story; the old-guard may not be caving in just yet. Are [&#8230;]</p>
<p>The post <a href="https://cryptoslate.com/on-chain-moves-dont-tell-the-full-story-why-og-bitcoin-whales-may-not-be-cashing-out/">On-chain moves don’t tell the full story: Why OG Bitcoin whales may not be cashing out</a> appeared first on <a href="https://cryptoslate.com">CryptoSlate</a>.</p>
Sat, 08 Nov 2025 18:00:26 +0000,Exploring Ripple’s strategic sidestep from Wall Street spotlight,<p>In August 2025, Ripple Labs formally closed its years-long battle with the Securities and Exchange Commission (SEC). The company paid a $125 million civil penalty, accepted an injunction on certain institutional XRP sales, and walked away with something more valuable than victory: clarity. Judge Analisa Torres had already ruled in July 2023 that XRP itself [&#8230;]</p>
<p>The post <a href="https://cryptoslate.com/ripples-strategic-sidestep-from-wall-street-spotlight/">Exploring Ripple&#8217;s strategic sidestep from Wall Street spotlight</a> appeared first on <a href="https://cryptoslate.com">CryptoSlate</a>.</p>
Mon, 10 Nov 2025 03:11:13 +0000,Asia Market Open: Bitcoin, Global Markets Climb as US Shutdown Negotiations Show Signs of Progress,<p>Bitcoin climbed past $106,000 and Asian stocks rose as the US Senate moved closer to ending the historic government shutdown.</p>
<p>The post <a href="https://cryptonews.com/news/asia-market-open-bitcoin-global-markets-climb-as-us-shutdown-negotiations-show-signs-of-progress/">Asia Market Open: Bitcoin, Global Markets Climb as US Shutdown Negotiations Show Signs of Progress</a> appeared first on <a href="https://cryptonews.com">Cryptonews</a>.</p>
Sun, 09 Nov 2025 12:31:51 +0000,Ethereum Price Prediction: Key $3,300 Support Zone in Focus After 12% Price Pullback – What’s Next?,<p>Ethereum maintains critical support at $3,300 after a sharp weekly decline, while technical indicators show bullish divergence and whale accumulation suggests renewed interest at current levels.</p>
<p>The post <a href="https://cryptonews.com/news/ethereum-price-prediction-key-3300-support-zone-in-focus-after-12-price-pullback-whats-next/">Ethereum Price Prediction: Key $3,300 Support Zone in Focus After 12% Price Pullback &#8211; What&#8217;s Next?</a> appeared first on <a href="https://cryptonews.com">Cryptonews</a>.</p>
Sun, 09 Nov 2025 12:30:20 +0000,XRP Price Prediction: Dips to $2.29 – Will Whales Trigger a Massive Accumulation Phase Here?,<p>XRP consolidates at $2.32 following whale sales of 500,000 tokens, testing critical $2.00 support as 21Shares files for spot ETF approval and Ripple's acquisition strategy positions the protocol for institutional-scale transaction volume.</p>
<p>The post <a href="https://cryptonews.com/news/xrp-price-prediction-dips-to-2-29-will-whales-trigger-a-massive-accumulation-phase-here/">XRP Price Prediction: Dips to $2.29 &#8211; Will Whales Trigger a Massive Accumulation Phase Here?</a> appeared first on <a href="https://cryptonews.com">Cryptonews</a>.</p>
Sun, 09 Nov 2025 12:28:02 +0000,Bitcoin Price Prediction: $100,000 Stares Down BTC – What Onchain Data Says About the Next 48 Hours,<p>Bitcoin's test of $102,980 support comes as hash price drops to break-even levels post-halving, while major mining firms pivot to AI infrastructure and treasury companies accumulate unrealized losses exceeding $120 million.</p>
<p>The post <a href="https://cryptonews.com/news/bitcoin-price-prediction-100000-stares-down-btc-what-onchain-data-says-about-the-next-48-hours/">Bitcoin Price Prediction: $100,000 Stares Down BTC &#8211; What Onchain Data Says About the Next 48 Hours</a> appeared first on <a href="https://cryptonews.com">Cryptonews</a>.</p>
Sun, 09 Nov 2025 08:39:13 +0000,Analyst Says Bitcoin Dominance Breakdown Could Signal Incoming Altcoin Season,<p>Bitcoin’s market dominance is showing signs of weakness, which could mean altcoin season is closer than many traders think.</p>
<p>The post <a href="https://cryptonews.com/news/analyst-says-bitcoin-dominance-breakdown-could-signal-incoming-altcoin-season/">Analyst Says Bitcoin Dominance Breakdown Could Signal Incoming Altcoin Season</a> appeared first on <a href="https://cryptonews.com">Cryptonews</a>.</p>
Sun, 09 Nov 2025 08:35:39 +0000,High-Profile Ethereum MEV Fraud Trial Collapses as Judge Declares Mistrial,<p>A landmark crypto fraud case involving two brothers accused of stealing $25 million through an alleged exploit on Ethereum has ended without a verdict. </p>
<p>The post <a href="https://cryptonews.com/news/high-profile-ethereum-mev-fraud-trial-collapses-as-judge-declares-mistrial/">High-Profile Ethereum MEV Fraud Trial Collapses as Judge Declares Mistrial</a> appeared first on <a href="https://cryptonews.com">Cryptonews</a>.</p>
Sun, 09 Nov 2025 08:30:47 +0000,Former Binance CEO CZ Says He Never Met Trump, ‘Surprised’ by Presidential Pardon,<p>CZ said he was surprised by Trump’s pardon, insisting he never met or did business with the US president or his family.</p>
<p>The post <a href="https://cryptonews.com/news/former-binance-ceo-cz-says-he-never-met-trump-surprised-by-presidential-pardon/">Former Binance CEO CZ Says He Never Met Trump, ‘Surprised’ by Presidential Pardon</a> appeared first on <a href="https://cryptonews.com">Cryptonews</a>.</p>
Sat, 08 Nov 2025 15:06:40 +0000,Dogecoin Price Prediction: Bitwise ETF Filing Hints at November Launch – Could DOGE Price See a $1.2 Breakout?,<p>Bitwise's spot Dogecoin ETF filing enters automatic approval countdown, potentially launching by November 26 as technical analysis points to $1.20 target if key resistance levels break.</p>
<p>The post <a href="https://cryptonews.com/news/dogecoin-price-prediction-bitwise-etf-filing-hints-at-november-launch-could-doge-price-see-a-1-2-breakout/">Dogecoin Price Prediction: Bitwise ETF Filing Hints at November Launch &#8211; Could DOGE Price See a $1.2 Breakout?</a> appeared first on <a href="https://cryptonews.com">Cryptonews</a>.</p>
Sat, 08 Nov 2025 11:14:27 +0000,XRP Price Prediction: Post-Swell Volatility – Traders Watch for Confirmation of the XRP Death Cross and Next Move,<p>XRP recovered 4.59% to $2.3140 as Canary Capital, Bitwise, Franklin Templeton, and 21Shares filed amended S-1s to circumvent SEC delays from the government shutdown, positioning for potential November launches while the token trades below key moving averages ahead of a potential death cross.</p>
<p>The post <a href="https://cryptonews.com/news/xrp-price-prediction-post-swell-volatility-traders-watch-for-confirmation-of-the-xrp-death-cross-and-next-move/">XRP Price Prediction: Post-Swell Volatility &#8211; Traders Watch for Confirmation of the XRP Death Cross and Next Move</a> appeared first on <a href="https://cryptonews.com">Cryptonews</a>.</p>
Sat, 08 Nov 2025 11:11:26 +0000,Bitcoin Price Analysis: $2 Billion Bitcoin Acquisition by Trump Media Now Underwater – Where Is the Onchain Support?,<p>Trump Media's $2 billion Bitcoin treasury acquired at $118,000 faces mounting losses as BTC tests the critical 50-week EMA support at $100,887, while analysts monitor resistance levels between $106,000 and $120,000.</p>
<p>The post <a href="https://cryptonews.com/news/bitcoin-price-analysis-2-billion-bitcoin-acquisition-by-trump-media-now-underwater-where-is-the-onchain-support/">Bitcoin Price Analysis: $2 Billion Bitcoin Acquisition by Trump Media Now Underwater &#8211; Where Is the Onchain Support?</a> appeared first on <a href="https://cryptonews.com">Cryptonews</a>.</p>
Sat, 08 Nov 2025 10:25:30 +0000,Bitcoin Miners Face Squeeze as Hash Price Nears Break-Even Levels,<p>Bitcoin’s mining industry is feeling the strain as profitability plunges to its lowest point in months, forcing many operators to weigh shutdowns.</p>
<p>The post <a href="https://cryptonews.com/news/bitcoin-miners-face-squeeze-as-hash-price-nears-break-even-levels/">Bitcoin Miners Face Squeeze as Hash Price Nears Break-Even Levels</a> appeared first on <a href="https://cryptonews.com">Cryptonews</a>.</p>
Sat, 08 Nov 2025 10:19:52 +0000,Trump-Backed American Bitcoin Expands Holdings to 4,004 BTC Worth $415M,<p>American Bitcoin (ABTC), backed by Eric and Donald Trump Jr., has expanded its holdings to 4,004 BTC worth $415 million.</p>
<p>The post <a href="https://cryptonews.com/news/trump-backed-american-bitcoin-expands-holdings-to-4004-btc-worth-415m/">Trump-Backed American Bitcoin Expands Holdings to 4,004 BTC Worth $415M</a> appeared first on <a href="https://cryptonews.com">Cryptonews</a>.</p>
Sat, 08 Nov 2025 10:15:00 +0000,Crypto Treasuries Take a Hit as Month-Long Market Slump Erodes Balance Sheets,<p>Digital asset treasury companies are under heavy pressure as the month-long crypto downturn erases billions in balance sheet value.</p>
<p>The post <a href="https://cryptonews.com/news/crypto-treasuries-take-a-hit-as-month-long-market-slump-erodes-balance-sheets/">Crypto Treasuries Take a Hit as Month-Long Market Slump Erodes Balance Sheets</a> appeared first on <a href="https://cryptonews.com">Cryptonews</a>.</p>
Fri, 07 Nov 2025 23:51:00 +0000,Dogecoin Price Prediction: Top Analyst Flashes Buy Signal – Could DOGE 2x From Here?,<p>After an 11% drop in the past 7 days, one crypto analyst believes that DOGE could have hit a local bottom. Based on a signal from a technical indicator called TD Sequential, trader Ali Martinez holds a bullish Dogecoin price prediction.The TD Sequential indicator identifies potential trend reversals in a price chart by tracking the [&#8230;]</p>
<p>The post <a href="https://cryptonews.com/news/dogecoin-price-prediction-top-analyst-flashes-buy-signal-could-doge-2x-from-here/">Dogecoin Price Prediction: Top Analyst Flashes Buy Signal – Could DOGE 2x From Here?</a> appeared first on <a href="https://cryptonews.com">Cryptonews</a>.</p>
Fri, 07 Nov 2025 23:50:00 +0000,Filecoin, FET, NEAR Lead Select Altcoin Season Gains As Market Fear Persists,<p>Altcoin season has unfolded selectively, with Filecoin, FET, and Near having advanced amid weak risk appetite. Lower costs, AI and storage links, and steady onchain activity have supported interest as traders have tracked liquidity and participation across these networks.</p>
<p>The post <a href="https://cryptonews.com/news/filecoin-fet-near-lead-select-altcoin-gains-as-market-fear-persists/">Filecoin, FET, NEAR Lead Select Altcoin Season Gains As Market Fear Persists</a> appeared first on <a href="https://cryptonews.com">Cryptonews</a>.</p>
Fri, 07 Nov 2025 23:32:00 +0000,Cardano Price Prediction: Big Gains Ahead? Analyst and Hoskinson Agree ADA’s Next Move Could Be Explosive,<p>Key opinion leaders cite bullish technicians and fundamentals as the foundation for an explosive move – Cardano price predictions still have bull run potential.</p>
<p>The post <a href="https://cryptonews.com/news/cardano-price-prediction-big-gains-ahead-analyst-and-hoskinson-agree-adas-next-move-could-be-explosive/">Cardano Price Prediction: Big Gains Ahead? Analyst and Hoskinson Agree ADA’s Next Move Could Be Explosive</a> appeared first on <a href="https://cryptonews.com">Cryptonews</a>.</p>
Fri, 07 Nov 2025 23:30:00 +0000,Top Crypto to Turn $100 into $10,000 – Don’t Miss This Potential 100x Setup,<p>Top Crypto has tracked a new pullback amid equity jitters, with Bitcoin and Ethereum sliding as risk sentiment has cooled. Analysts have pointed to oversold readings and have noted ongoing presale interest in tokens such as PEPENODE on Ethereum.</p>
<p>The post <a href="https://cryptonews.com/news/top-crypto-to-turn-100-into-10000-dont-miss-this-potential-100x-setup/">Top Crypto to Turn $100 into $10,000 – Don’t Miss This Potential 100x Setup</a> appeared first on <a href="https://cryptonews.com">Cryptonews</a>.</p>
Fri, 07 Nov 2025 22:52:00 +0000,Crypto Bill Held Hostage by 38-Day Government Shutdown as Senate Prepares Critical Vote,<p>The U.S. government shutdown has stretched into its 38th day, halting progress on the long-awaited crypto market structure bill as lawmakers struggle to pass a funding measure and reopen federal operations.</p>
<p>The post <a href="https://cryptonews.com/news/government-shutdown-stalls-crypto-bill-senate-vote/">Crypto Bill Held Hostage by 38-Day Government Shutdown as Senate Prepares Critical Vote</a> appeared first on <a href="https://cryptonews.com">Cryptonews</a>.</p>
Fri, 07 Nov 2025 22:49:21 +0000,Samurai Wallet Developer Keonne Rodriguez Receives Maximum Sentence For Crypto Crime,<p>Samourai Wallet developer Keonne Rodriguez received the maximum sentence of 5 years in prison for his role in the digital asset scheme on Thursday.Keonne Rodriguez Receives Five-Year SentenceAccording to Inner City Press reporter Matthew Russell Lee, Southern District of New York Judge Denise Cote slapped Rodriguez with 60 months in federal prison followed by three [&#8230;]</p>
<p>The post <a href="https://cryptonews.com/news/samurai-wallets-keonne-rodriguez-receives-maximum-sentence-for-crypto-crime/">Samurai Wallet Developer Keonne Rodriguez Receives Maximum Sentence For Crypto Crime</a> appeared first on <a href="https://cryptonews.com">Cryptonews</a>.</p>
Fri, 07 Nov 2025 22:43:20 +0000,AI vs AI: How New Technologies Are Combating Sophisticated Crypto Scams,<p>AI scams have accelerated across crypto, using deepfakes, cloned voices, and automated laundering. TRM Labs, Sardine, and Kidas have deployed machine-learning defenses, documented live cases, and outlined practical steps for users and exchanges to reduce risk.</p>
<p>The post <a href="https://cryptonews.com/news/ai-vs-ai-how-new-technologies-are-combating-sophisticated-crypto-scams/">AI vs AI: How New Technologies Are Combating Sophisticated Crypto Scams</a> appeared first on <a href="https://cryptonews.com">Cryptonews</a>.</p>
Sat, 08 Nov 2025 07:41:17 +0000,Orbit Wars: The Battle for Arbitrum’s L3 Dominance,<p>Orbit Wars: The Battle for Arbitrum’s L3 Dominance! The Web3 layers-of-layer landscape just got a fresh battleground: we’re entering the L3 arena, and Arbitrum is playing for high stakes. This article digs into how Arbitrum’s L3 strategy is unfolding, who’s building on it, and why this matters for DeFi yield-farmers and on-chain traders. 1. Why [&#8230;]</p>
<p>The post <a href="https://smartliquidity.info/2025/11/08/orbit-wars-the-battle-for-arbitrums-l3-dominance/">Orbit Wars: The Battle for Arbitrum’s L3 Dominance</a> appeared first on <a href="https://smartliquidity.info">Smart Liquidity Research</a>.</p>
Fri, 07 Nov 2025 12:15:30 +0000,x402: The Payment Engine Fueling the Agent Boom on Base,<p>x402: The Payment Engine Fueling the Agent Boom on Base! There’s a quiet revolution unfolding in crypto — one where machines are starting to pay each other. At the center of this new “agent economy” sits x402, an emerging payment protocol that turns the forgotten HTTP status code “402: Payment Required” into a working standard [&#8230;]</p>
<p>The post <a href="https://smartliquidity.info/2025/11/07/x402-the-payment-engine-fueling-the-agent-boom-on-base/">x402: The Payment Engine Fueling the Agent Boom on Base</a> appeared first on <a href="https://smartliquidity.info">Smart Liquidity Research</a>.</p>
Fri, 07 Nov 2025 07:54:51 +0000,Altcoin Season 2.0: The New L1 & DeFi Wave That Could Outrun Bitcoin,<p>Altcoin Season 2.0: The New L1 &#38; DeFi Wave That Could Outrun Bitcoin! When Bitcoin sneezes, the market catches a cold. But lately, something strange has happened — while Bitcoin has been steady, everything else is waking up. Solana’s address count is spiking, Base is pulling in liquidity faster than most people can open a [&#8230;]</p>
<p>The post <a href="https://smartliquidity.info/2025/11/07/altcoin-season-2-0-the-new-l1-defi-wave-that-could-outrun-bitcoin/">Altcoin Season 2.0: The New L1 &#038; DeFi Wave That Could Outrun Bitcoin</a> appeared first on <a href="https://smartliquidity.info">Smart Liquidity Research</a>.</p>
Sun, 02 Nov 2025 13:14:39 +0000,From Farms to Hubs: The Expanding DeFi Universe,<p>From Farms to Hubs: The Expanding DeFi Universe! When you first heard of decentralized finance (DeFi), you may have imagined yield farmers donning digital overalls, poring over liquidity pools, and harvesting tokens like cryptocurrency corn. But today’s DeFi is no longer just about farming—it&#8217;s evolving into a sophisticated network of integrated liquidity hubs, cross-chain ecosystems, [&#8230;]</p>
<p>The post <a href="https://smartliquidity.info/2025/11/02/from-farms-to-hubs-the-expanding-defi-universe/">From Farms to Hubs: The Expanding DeFi Universe</a> appeared first on <a href="https://smartliquidity.info">Smart Liquidity Research</a>.</p>
Sat, 01 Nov 2025 07:05:50 +0000,Onchain Summer: The Rise of Base Culture,<p>“From memes to mainstream—Base’s cultural playbook.” When most crypto networks chased liquidity, Base chased culture—and that might just be why it won the summer. The Onchain Summer campaign wasn’t your average blockchain rollout or DeFi incentive blitz. It was a vibe-driven movement, blending art, music, and crypto-native humor into something that felt less like a [&#8230;]</p>
<p>The post <a href="https://smartliquidity.info/2025/11/01/onchain-summer-the-rise-of-base-culture/">Onchain Summer: The Rise of Base Culture</a> appeared first on <a href="https://smartliquidity.info">Smart Liquidity Research</a>.</p>
Fri, 03 Oct 2025 11:41:10 +0000,Institunional Adoption of Sonic,<p>Institutional Adoption of Sonic: A Turning Point for Blockchain Institutional adoption of Sonic, formerly Fantom, marks a pivotal step in the evolution of blockchain technology. Once seen primarily as a platform for retail DeFi and NFT enthusiasts, Sonic is now drawing the attention of banks, investment firms, and enterprises seeking scalable, low-cost, and secure infrastructure. [&#8230;]</p>
<p>The post <a href="https://smartliquidity.info/2025/10/03/institunional-adoption-of-sonic/">Institunional Adoption of Sonic</a> appeared first on <a href="https://smartliquidity.info">Smart Liquidity Research</a>.</p>
Fri, 03 Oct 2025 10:46:17 +0000,Lendr.fi $RWAL: Unlocking RWAs with Liquid Staking,<p>The Future of Real-World Assets Lendr.fi $RWAL: Unlocking RWAs with Liquid Staking is reshaping the way blockchain interacts with tangible, real-world financial value. As demand for asset-backed digital solutions grows, innovative platforms are needed. Therefore, Lendr.fi is creating opportunities to merge traditional assets with decentralized finance efficiently and transparently. How Lendr.fi $RWAL: Unlocking RWAs with [&#8230;]</p>
<p>The post <a href="https://smartliquidity.info/2025/10/03/lendr-fi-rwal-unlocking-rwas-with-liquid-staking/">Lendr.fi $RWAL: Unlocking RWAs with Liquid Staking</a> appeared first on <a href="https://smartliquidity.info">Smart Liquidity Research</a>.</p>
Fri, 03 Oct 2025 01:16:50 +0000,Stable: The First Stablechain Built for USDT,<p>Stable: The First Stablechain Built for USDT Welcome to Stable — the first blockchain designed exclusively for stablecoins, powered by USDT, the world’s most used digital dollar. With over $150 billion in circulation and more than 350 million global users, USDT has become the backbone of crypto markets, DeFi, and international payments. Yet despite its [&#8230;]</p>
<p>The post <a href="https://smartliquidity.info/2025/10/03/stable-the-first-stablechain-built-for-usdt/">Stable: The First Stablechain Built for USDT</a> appeared first on <a href="https://smartliquidity.info">Smart Liquidity Research</a>.</p>
Fri, 03 Oct 2025 00:49:24 +0000,Gas Drag: The Silent Killer of DeFi Yields,<p>Gas Drag: The Silent Killer of DeFi Yields! Everyone loves the look of a 200% APY flashing on a yield farm dashboard. It feels like free money just waiting to be harvested. But here’s the truth most farmers discover too late: that “200%” might not even be close to what you’re actually earning. Why? Two [&#8230;]</p>
<p>The post <a href="https://smartliquidity.info/2025/10/03/gas-drag-the-silent-killer-of-defi-yields/">Gas Drag: The Silent Killer of DeFi Yields</a> appeared first on <a href="https://smartliquidity.info">Smart Liquidity Research</a>.</p>
Fri, 26 Sep 2025 16:27:17 +0000,MechaOS Powering the Robot Economy,<p>Introduction: The Rise of a Robotic Future MechaOS Powering the robot economy is more than just a vision — it is a blueprint for a decentralized, automated world. As industries move toward robotics and AI integration, efficient coordination is essential. Therefore, MechaOS provides the infrastructure to make robotic economies function with precision and transparency. MechaOS [&#8230;]</p>
<p>The post <a href="https://smartliquidity.info/2025/09/26/mechaos-powering-the-robot-economy/">MechaOS Powering the Robot Economy</a> appeared first on <a href="https://smartliquidity.info">Smart Liquidity Research</a>.</p>
Sat, 08 Nov 2025 17:02:25 GMT,Too early to bet against AI trade, State Street suggests,State Street' Anna Paglia is reiterating her bullish stance on artificial intelligence stocks despite the Nasdaq’s worst week since April.
Fri, 07 Nov 2025 20:46:48 GMT,Fed's Miran says stablecoin surge could help push interest rates lower,The central banker said the Fed might need to lower its own policy rate to avoid unintentionally slowing the economy.
Fri, 07 Nov 2025 22:35:13 GMT,Low-cost ETFs in 401(k) retirement plan? Fund giant State Street says you may soon see something like it,State Street SPDR ETFs are coming to 401(k) market in new low-cost, economies of scale challenge to the mutual fund status quo that dominates retirement plans.
Thu, 06 Nov 2025 15:38:09 GMT,Alibaba-backed Moonshot releases its second AI update in four months as China’s AI race heats up,The Chinese AI startup on Thursday released its newest "Kimi K2 Thinking" artificial intelligence model.
Wed, 05 Nov 2025 19:29:26 GMT,Prediction market traders slash odds Trump tariffs survive Supreme Court ruling,On Kalshi, contracts tied to whether the court would rule in favor of Trump's tariffs slipped to around 30% from nearly 50% before Wednesday's hearing.
Wed, 05 Nov 2025 18:09:40 GMT,Auto repair chain Monro soars after Carl Icahn takes 15% stake to become largest shareholder,Icahn disclosed ownership of 4.4 million shares, or almost a 15% stake in Monro, according to a new regulatory filing.
Wed, 05 Nov 2025 13:59:50 GMT,Xpeng to let other carmakers use its partly-autonomous driving system,Chinese electric car company Xpeng said German automaker Volkswagen would be the first client for its new driver-assist system.
Wed, 05 Nov 2025 10:17:53 GMT,Chinese EV maker Xpeng to launch robotaxis, humanoid robots with self-developed AI chips,Chinese electric car company Xpeng is following in Tesla's footsteps by moving into robotaxis and humanoid robots.
Wed, 05 Nov 2025 00:10:47 GMT,Bitcoin retail investor at 'max desperation,' says Bitwise CIO, but crypto winter not coming,Bitcoin's fall below $100,000 sparks fears that a new crypto winter has begun, but Bitwise CIO Matt Hougan sees reasons why this selloff may not last long.
Tue, 04 Nov 2025 19:53:14 GMT,Bitcoin falls below $100,000 for the first time since late June,Cryptocurrencies retreated Tuesday as investors continued to flee risk-on assets.
Mon, 03 Nov 2025 20:39:41 GMT,Ether falls 7% following a multimillion dollar hack of a decentralized finance protocol,The Ethereum-linked token briefly fell below its critical $3,600 level as investors wrung their hands over several bearish events.
Mon, 03 Nov 2025 19:46:03 GMT,Fed Governor Lisa Cook, in first policy speech since Trump suit, says she's undecided on Dec. rate cut,The central banker said Monday that she supported the recent interest rate reduction and indicated she would be open to more.
Mon, 03 Nov 2025 19:37:55 GMT,Warren Buffett may have cut Berkshire's stake in Apple again in the third quarter,In its latest quarterly report, Berkshire said the cost basis of its consumer products equity holdings fell by roughly $1.2 billion from the prior quarter.
Mon, 03 Nov 2025 03:10:19 GMT,China's Baidu says weekly robotaxi rides hit 250,000 — same as Alphabet's Waymo this spring,In the race to prove to regulators and investors that robotaxis have a viable track record, Baidu's Apollo Go is claiming orders on par with Waymo.
Sat, 01 Nov 2025 15:00:01 GMT,Interest rate backdrop supports playing offense with bonds, according to Goldman Sachs former ETF head,BondBloxx’s Tony Kelly tackles fixed income opportunities.
Mon, 03 Nov 2025 14:34:03 GMT,Berkshire's operating earnings jump 34%, Buffett buys back no stock and raises cash hoard to $381 billion,Berkshire's operating profit generated from the conglomerate's wholly owned businesses including insurance and railroads jumped 34% in the third quarter.
Fri, 31 Oct 2025 12:30:01 GMT,More retirement investors opting for 'good enough' stock portfolio strategy to protect their market money,Retirees are in a tough spot needing stock market growth to fight inflation, but their personal finance plans can't stomach a major market correction.
Fri, 31 Oct 2025 09:53:54 GMT,Pony.ai becomes first to win citywide robotaxi permit in China's Silicon Valley,Pony.ai said it is the first company to get a permit to operate taxis across all of the Chinese city of Shenzhen on the border of Hong Kong.
Fri, 31 Oct 2025 04:24:36 GMT,China's Xi urges Asian nations to keep supply chains stable, work together during ‘turbulent’ times,Chinese President Xi Jinping played up how Beijing is a proponent of stable supply chains and free trade in a speech Friday.
Thu, 30 Oct 2025 20:44:50 GMT,Powell forced to stave off uprisings in markets and on his own Fed board as his term ends,Powell faces if not the most difficult challenge of his time in office at least the trickiest.
Fri, 31 Oct 2025 04:27:03 GMT,China says it’s willing to work with U.S. on TikTok — but offers few details,Beijing indicated it would work with the U.S. on addressing the future of TikTok in the country.
Thu, 30 Oct 2025 12:32:02 GMT,Beijing’s buzzing after Trump-Xi talks and betting a trade ‘honeymoon’ could be next,As Chinese President Xi Jinping and U.S. President Donald Trump met Thursday, many people in China cheered the in-person meeting.
Thu, 30 Oct 2025 05:18:07 GMT,Chinese e-commerce giants now dominate Southeast Asia’s online shopping scene,ByteDance's TikTok Shop and Alibaba's AliExpress are going global — taking large chunks of the overseas e-commerce market, according to Bain and Company.
Wed, 29 Oct 2025 21:48:20 GMT,Here are the five key takeaways from the Fed meeting and Powell news conference,The Federal Reserve meeting that wrapped up Wednesday both delivered on expectations and offered a few surprises.
Wed, 29 Oct 2025 19:31:24 GMT,There were two Fed dissenters: Miran wanted a bigger cut and Schmid voted for no easing at all,Federal Reserve Governor Stephen Miran instead called for a half-point cut, while Kansas City Fed President Jeffrey Schmid voted for no decrease.
Wed, 29 Oct 2025 18:06:47 GMT,Here's what changed in the new Fed statement,This is a comparison of Wednesday's Federal Open Market Committee statement with the one issued after the Fed's previous policymaking meeting in September.
Wed, 29 Oct 2025 19:57:56 GMT,Fed cuts rates again, but Powell raises doubts about easing at next meeting,The Federal Reserve on Wednesday released its interest decision following a two-day meeting.
Wed, 29 Oct 2025 20:02:16 GMT,Fiserv stock craters 44% for worst day ever after company slashes guidance,Fiserv said it will move its stock from the NYSE to the Nasdaq next month, where it will trade under the ticker symbol "FISV."
Wed, 29 Oct 2025 18:05:01 GMT,The Fed is expected to approve another rate cut Wednesday. Here's what else to expect,The easy part for the Federal Reserve this week will be announcing a rate cut when it wraps up its meeting Wednesday.
Tue, 28 Oct 2025 20:48:36 GMT,'We're trying to shame them': Upstart activist investors target America's underperforming banks,HoldCo has emerged from relative obscurity to launch activist investor campaigns against three regional banks: Comerica, Eastern Bank and First Interstate.
Fri, 26 Aug 2022 21:45:00 GMT,What's New in Eth2 - 26 August 2022,The latest Ethereum 2.0 news
Fri, 12 Aug 2022 21:20:00 GMT,What's New in Eth2 - 12 August 2022,The latest Ethereum 2.0 news
Fri, 29 Jul 2022 21:30:00 GMT,What's New in Eth2 - 29 July 2022,The latest Ethereum 2.0 news
Fri, 15 Jul 2022 22:50:00 GMT,What's New in Eth2 - 15 July 2022,The latest Ethereum 2.0 news
